div,14,61
add,27,55
sub,16,45
div,17,25
mul,72,38
sub,24,60
sub,56,38
div,4,33
mul,15,18
div,21,26
div,35,83
mul,8,64
mul,50,12
mul,52,7
add,87,40
sub,58,43
sub,37,73
sub,94,39
mul,41,58
div,41,35
mul,41,92
sub,89,85
div,21,25
sub,91,93
sub,56,59
sub,79,87
sub,19,25
add,5,94
div,30,51
sub,99,23
sub,36,75
div,11,39
sub,49,77
div,62,18
sub,92,13
sub,93,42
sub,25,52
sub,80,94
div,59,38
sub,36,16
add,11,67
mul,17,55
div,34,49
add,37,70
mul,10,100
div,19,3
mul,16,7
sub,91,80
sub,60,60
sub,2,10
add,43,13
sub,41,3
add,47,54
div,19,53
mul,22,30
add,22,1
mul,20,3
mul,41,35
mul,79,32
mul,37,76
add,59,15
add,54,86
div,84,40
add,84,78
mul,98,78
sub,59,29
mul,93,19
div,53,81
mul,67,10
mul,29,11
add,1,52
div,35,4
add,29,77
add,96,5
div,65,70
div,83,26
add,74,16
mul,65,83
add,54,97
add,11,29
add,72,33
div,5,59
mul,17,40
mul,9,66
add,92,46
mul,1,55
sub,43,24
mul,65,7
div,8,51
div,71,46
add,97,71
div,70,66
mul,62,47
mul,65,1
mul,69,92
sub,34,9
div,10,94
mul,12,87
add,37,7
mul,17,30
add,57,27
mul,41,50
div,4,17
div,26,47
div,70,98
mul,88,87
div,15,93
sub,89,58
sub,93,6
sub,33,90
add,5,61
mul,49,89
mul,63,48
mul,73,85
mul,28,43
add,84,76
mul,24,27
sub,66,34
div,89,80
mul,72,51
mul,9,84
add,54,13
add,53,77
add,3,13
div,61,58
div,14,61
div,21,41
sub,29,55
div,40,4
div,81,23
div,46,9
div,36,53
sub,6,9
mul,38,48
sub,95,74
sub,63,91
sub,43,76
div,38,66
add,24,29
mul,13,57
sub,56,69
add,88,65
sub,2,70
div,56,98
mul,42,84
div,97,7
mul,94,87
sub,91,98
sub,16,60
sub,62,93
div,7,93
add,62,65
add,75,15
mul,7,67
div,44,84
mul,4,31
add,12,13
add,49,41
add,75,35
mul,81,10
sub,67,35
sub,15,4
sub,34,76
add,12,53
add,99,95
div,38,25
div,6,96
add,23,84
add,99,90
sub,58,43
div,71,1
add,43,73
div,16,64
mul,93,38
div,98,39
add,87,70
div,74,2
add,11,74
mul,98,75
add,9,79
mul,10,18
mul,37,72
sub,90,33
add,92,42
div,6,16
mul,4,3
add,14,9
add,37,52
mul,49,17
add,65,8
add,24,92
add,69,65
add,26,34
sub,45,74
div,16,44
sub,9,93
sub,77,3
mul,38,46
sub,81,31
add,79,27
div,24,32
sub,48,78
div,8,4
mul,82,100
sub,35,92
add,87,90
sub,38,84
mul,30,85
sub,75,29
mul,83,100
sub,77,3
mul,31,24
mul,4,24
sub,37,48
div,67,76
sub,18,62
sub,73,55
div,39,49
div,64,24
sub,53,5
mul,96,100
sub,57,97
add,6,68
add,31,86
mul,96,47
mul,20,78
div,30,52
mul,79,42
div,44,87
sub,28,56
mul,59,12
sub,94,61
mul,65,9
sub,97,54
div,10,57
mul,96,57
sub,15,67
sub,41,68
sub,73,75
add,11,50
mul,35,35
mul,76,93
sub,25,32
add,68,55
add,12,92
add,52,55
sub,83,18
div,88,86
add,46,20
mul,67,66
sub,57,83
sub,14,93
mul,5,31
sub,42,75
div,61,71
div,24,89
div,16,31
div,41,3
mul,36,57
mul,93,26
div,53,76
div,83,48
add,67,25
sub,7,65
sub,88,97
add,56,27
sub,65,53
add,8,5
add,10,42
mul,19,94
add,89,73
div,70,22
div,98,19
mul,62,50
div,26,62
mul,53,19
add,89,18
div,77,57
add,60,63
sub,80,87
sub,45,65
sub,98,12
add,37,43
div,9,54
add,47,16
mul,65,94
sub,17,30
add,15,57
add,42,51
mul,36,95
div,26,33
mul,47,24
mul,37,35
add,55,7
mul,12,13
sub,28,1
sub,66,38
div,10,45
add,100,100
mul,77,12
mul,70,85
add,13,38
sub,49,48
mul,58,57
sub,81,24
add,61,77
mul,40,70
div,96,33
div,83,45
add,37,75
sub,13,60
sub,26,23
sub,60,9
add,100,74
div,51,89
mul,78,79
mul,92,16
div,60,93
add,88,36
sub,81,90
sub,61,89
add,50,49
div,96,31
add,62,53
mul,76,41
add,61,35
mul,8,13
mul,24,98
sub,3,52
sub,83,6
mul,5,2
add,91,8
mul,50,40
add,11,36
add,51,25
mul,36,79
mul,18,57
add,82,17
div,63,19
add,44,73
sub,37,20
add,50,27
add,80,3
add,61,92
sub,52,57
sub,96,66
div,75,90
mul,40,47
div,48,91
sub,43,29
sub,52,100
sub,31,96
add,12,100
sub,48,69
mul,46,33
div,6,92
div,41,89
sub,51,37
add,46,39
mul,10,27
sub,1,73
sub,73,54
mul,75,22
mul,77,6
div,81,79
sub,21,29
add,97,31
div,96,12
add,23,59
mul,94,10
div,27,41
mul,63,8
mul,76,75
sub,80,78
add,49,76
add,4,82
mul,51,85
add,44,7
sub,45,6
add,27,52
mul,46,64
sub,26,65
add,19,93
add,35,79
add,44,91
mul,37,70
sub,82,83
sub,18,86
sub,55,28
sub,60,50
add,70,47
mul,60,100
mul,44,95
mul,28,38
sub,54,40
div,25,50
add,21,43
add,3,44
add,91,95
add,90,3
div,73,48
add,18,52
mul,9,86
sub,22,12
sub,47,66
sub,80,89
add,50,40
sub,37,34
mul,33,39
mul,52,94
div,23,88
div,28,10
sub,61,38
sub,74,3
div,89,3
div,27,72
mul,80,27
mul,61,13
mul,17,3
add,13,72
add,77,3
div,99,9
sub,23,95
sub,51,90
div,44,56
div,52,30
add,77,60
mul,41,40
div,32,47
sub,13,12
add,28,56
sub,87,18
add,16,7
add,84,74
add,58,78
sub,37,98
add,13,48
sub,40,18
mul,23,58
mul,5,41
sub,24,22
sub,59,31
mul,67,4
sub,75,50
sub,82,83
sub,74,17
mul,67,87
div,96,78
add,67,31
mul,52,94
div,57,55
add,5,36
div,57,23
mul,6,76
div,55,29
sub,50,21
sub,48,70
div,26,36
sub,71,31
div,27,4
add,99,40
sub,99,84
div,80,39
sub,6,92
add,31,46
div,65,90
add,4,37
add,39,8
sub,91,67
sub,33,38
add,88,23
add,87,78
mul,34,2
mul,27,79
div,92,52
mul,31,92
mul,62,19
div,36,62
sub,34,3
div,76,30
sub,2,1
div,82,99
div,77,42
mul,2,1
sub,92,17
div,1,30
sub,63,43
sub,97,32
add,62,92
mul,72,85
sub,26,10
mul,55,92
mul,22,23
mul,47,8
div,99,80
mul,39,13
sub,34,69
mul,34,90
mul,60,57
div,53,75
add,84,18
div,9,11
sub,23,5
div,15,23
mul,15,19
mul,23,63
div,65,16
sub,3,72
sub,71,75
div,61,56
mul,92,88
mul,55,8
div,82,78
div,17,87
add,88,93
sub,77,12
mul,85,72
add,33,95
mul,31,79
sub,86,79
sub,40,77
div,13,40
add,23,6
mul,69,85
sub,60,55
div,37,35
add,50,33
add,44,60
add,13,18
mul,65,56
sub,35,34
mul,15,17
mul,48,55
sub,18,21
sub,73,8
mul,35,30
div,41,19
mul,69,39
add,64,89
sub,66,54
sub,70,77
sub,19,7
add,72,3
sub,80,42
div,43,71
sub,59,62
add,40,80
add,71,27
sub,27,42
add,69,53
div,80,42
div,45,64
div,57,65
div,29,96
mul,58,74
add,67,78
mul,11,53
add,59,64
mul,40,75
mul,46,33
sub,23,10
sub,56,19
sub,41,89
add,61,57
add,52,25
add,5,88
sub,92,27
mul,61,5
div,2,63
add,24,2
div,81,10
mul,76,31
div,13,75
add,62,9
div,79,99
div,3,66
add,66,77
add,34,3
add,71,66
sub,29,65
div,53,81
sub,52,92
add,96,36
mul,36,84
add,4,8
mul,52,28
mul,48,32
mul,40,93
add,98,8
div,39,64
mul,68,59
add,7,96
sub,27,84
div,3,32
add,12,88
add,18,97
sub,28,84
sub,68,35
sub,68,45
mul,22,50
div,50,57
div,86,48
mul,64,100
add,66,72
mul,52,49
add,29,47
sub,78,60
div,25,54
div,12,15
sub,39,73
sub,99,7
mul,45,3
div,53,5
sub,38,93
add,62,24
add,42,24
mul,72,62
add,66,33
mul,42,53
add,90,17
add,88,57
sub,20,27
add,71,31
mul,57,2
div,43,87
sub,58,64
add,70,1
add,18,25
sub,38,5
mul,21,28
div,95,69
sub,43,88
mul,68,80
mul,5,81
div,67,40
div,45,77
add,91,19
add,86,7
sub,92,29
sub,27,54
div,55,76
mul,19,51
sub,8,8
add,54,8
add,32,38
add,95,27
mul,73,91
mul,87,5
mul,30,12
add,67,20
sub,25,91
mul,77,9
mul,5,7
sub,11,46
sub,15,59
add,15,61
mul,75,58
mul,44,1
sub,70,44
div,77,25
add,14,38
div,66,54
add,6,87
add,56,25
mul,16,98
sub,49,14
div,77,4
add,86,92
add,32,41
mul,87,36
sub,98,91
add,48,6
div,85,34
mul,5,15
add,63,48
add,4,21
sub,66,53
mul,65,38
mul,92,11
div,24,26
div,66,55
div,11,8
div,5,48
sub,9,24
div,58,8
sub,9,81
sub,90,13
sub,72,29
sub,51,43
sub,1,51
add,27,88
sub,71,1
div,11,92
sub,52,73
add,100,91
div,86,51
div,41,48
sub,74,51
div,85,23
mul,16,26
mul,5,37
add,42,50
add,43,5
mul,11,18
mul,10,98
sub,19,59
div,47,92
add,63,78
add,44,45
mul,89,44
div,11,89
div,40,43
sub,82,21
add,46,70
mul,44,82
div,13,2
add,58,100
sub,40,62
div,65,36
div,83,67
mul,28,36
div,25,27
sub,88,94
div,8,76
add,43,17
add,16,49
add,4,18
mul,41,69
add,70,93
div,21,65
add,19,17
div,43,22
div,93,81
sub,93,93
add,77,81
mul,47,69
sub,13,81
sub,5,70
mul,89,80
add,68,12
sub,19,77
add,34,75
div,16,13
sub,61,61
mul,43,92
mul,52,55
mul,57,67
mul,61,56
div,72,100
sub,45,84
mul,71,32
mul,4,25
div,4,33
mul,25,59
sub,76,10
div,36,17
add,86,33
mul,89,89
div,20,15
sub,65,25
add,61,9
add,86,46
add,43,85
add,85,35
div,19,100
sub,25,74
sub,97,37
mul,11,88
add,7,41
add,71,28
sub,48,61
div,13,57
add,64,85
mul,40,24
add,72,17
add,21,89
mul,10,21
sub,51,76
mul,24,90
add,87,50
mul,90,29
add,71,1
add,30,44
sub,31,88
add,83,42
mul,52,49
mul,67,7
sub,83,57
add,65,70
div,11,76
mul,31,59
add,33,63
mul,36,44
add,12,39
sub,48,76
add,18,95
sub,22,69
mul,99,84
add,33,35
div,83,19
sub,16,53
div,40,92
div,32,10
mul,30,25
sub,72,51
mul,67,97
div,64,11
sub,70,18
add,28,65
div,25,100
sub,49,87
sub,59,37
sub,55,70
mul,60,24
sub,45,67
mul,91,16
mul,90,98
add,80,47
mul,37,54
add,17,18
sub,62,82
mul,66,85
mul,23,7
div,9,17
sub,42,45
add,3,21
mul,24,76
add,76,39
mul,57,40
div,7,22
sub,41,6
div,89,42
mul,74,48
add,49,50
mul,82,32
mul,33,35
sub,35,41
sub,30,95
div,29,25
sub,68,81
mul,42,32
div,38,61
sub,83,56
sub,36,100
sub,45,26
div,65,33
div,80,5
sub,5,43
mul,80,66
add,100,70
add,98,34
sub,98,34
mul,7,81
div,70,71
div,64,33
div,39,97
mul,44,68
div,71,40
mul,94,41
mul,50,25
div,47,80
add,17,51
div,52,6
add,59,15
sub,15,96
div,48,42
add,49,45
add,39,85
div,39,24
add,16,14
div,56,18
mul,68,53
mul,48,55
sub,45,62
mul,38,84
add,83,73
sub,62,8
div,20,64
div,41,54
mul,74,68
add,7,49
div,94,95
add,59,77
sub,34,21
add,69,11
add,96,78
div,100,61
div,98,57
mul,97,11
mul,85,8
sub,84,6
div,73,60
div,67,99
mul,56,46
mul,85,74
div,56,67
add,5,38
mul,10,23
sub,2,10
mul,93,83
div,95,74
add,44,61
mul,9,45
sub,93,69
div,17,96
add,30,84
mul,15,35
add,7,94
sub,15,82
add,16,25
sub,66,82
sub,62,30
mul,93,70
sub,52,36
sub,56,22
div,89,65
mul,87,55
add,43,32
add,84,38
sub,43,49
div,90,29
div,55,53
sub,17,52
mul,24,17
mul,19,13
mul,97,10
div,84,90
sub,4,90
add,44,86
div,49,64
div,52,86
mul,83,84
sub,78,51
div,71,40
mul,89,52
sub,85,92
div,84,41
div,97,29
mul,14,79
add,53,9
div,51,42
mul,95,87
sub,16,15
sub,31,93
div,7,65
div,36,87
add,8,43
sub,31,33
add,12,67
div,12,71
sub,66,19
div,44,18
add,42,36
add,58,83
add,51,62
sub,51,39
sub,15,38
div,5,80
mul,80,72
mul,1,68
div,29,70
sub,9,39
add,8,44
add,49,84
sub,7,83
add,12,34
add,20,75
div,46,20
div,40,64
sub,42,43
add,52,90
div,100,88
sub,70,2
mul,55,58
mul,69,24
sub,36,63
mul,35,64
div,40,92
div,4,25
add,12,16
sub,16,98
add,43,75
add,15,5
div,36,66
div,24,25
sub,33,35
sub,59,12
add,69,12
mul,62,1
add,1,92
add,64,47
div,8,80
mul,58,1
add,24,80
add,20,27
div,97,43
div,53,41
add,38,10
mul,78,81
mul,74,18
sub,41,75
mul,20,46
mul,9,19
sub,23,3
add,22,34
mul,46,62
mul,33,14
sub,31,34
div,55,86
div,42,73
sub,74,69
mul,23,49
div,28,48
sub,78,61
mul,92,66
mul,80,21
sub,72,69
div,97,65
add,93,13
div,87,72
add,52,14
sub,36,28
add,33,12
sub,4,64
sub,67,97
mul,38,72
mul,37,78
sub,73,36
mul,86,36
mul,71,16
mul,57,90
sub,37,81
mul,32,42
mul,51,97
mul,9,21
div,24,88
div,96,28
mul,70,40
add,9,42
sub,19,64
div,14,26
mul,100,62
mul,62,77
mul,16,91
mul,15,7
add,82,71
sub,44,66
mul,42,54
mul,49,95
add,97,94
add,92,9
div,57,43
div,31,93
div,8,36
add,47,71
sub,75,29
add,48,98
mul,72,65
add,8,51
add,68,98
mul,21,92
div,72,55
mul,41,12
sub,9,22
div,14,48
div,64,41
sub,86,21
div,34,63
add,71,87
add,79,92
add,93,2
div,21,60
sub,20,51
div,83,30
add,55,86
add,68,87
mul,13,18
sub,50,54
add,39,44
div,62,37
mul,95,27
sub,89,34
sub,57,63
div,13,41
div,21,93
div,50,56
div,88,51
div,8,13
add,55,35
div,16,16
add,22,89
add,99,53
div,83,12
mul,43,66
sub,58,36
div,81,54
add,30,30
mul,22,31
sub,86,92
div,79,4
mul,5,98
div,73,59
mul,1,60
sub,16,62
add,70,30
div,93,96
add,90,82
add,57,50
div,74,12
mul,98,62
add,76,22
add,71,1
sub,22,73
sub,8,13
div,44,36
mul,94,49
div,42,28
div,54,14
mul,83,77
div,15,43
div,61,4
add,59,52
mul,45,79
sub,66,22
div,91,63
div,86,59
div,59,82
mul,75,17
mul,53,80
add,97,9
div,58,36
add,35,80
div,34,34
add,17,5
mul,87,28
sub,55,36
mul,13,10
sub,40,47
sub,100,100
mul,95,93
mul,18,6
add,75,98
add,51,100
sub,19,45
sub,54,13
div,90,38
sub,21,73
mul,59,20
mul,37,45
add,72,68
add,42,14
mul,82,81
div,67,91
sub,56,31
add,72,59
div,61,90
mul,31,77
add,54,98
mul,51,61
add,2,30
sub,64,21
sub,64,97
add,50,58
add,23,82
add,36,37
add,88,95
div,2,47
sub,88,67
sub,17,94
div,3,39
add,42,28
mul,21,43
add,15,34
div,18,44
div,65,43
add,55,53
mul,50,78
mul,39,25
div,37,3
add,100,2
mul,24,75
add,4,38
sub,13,21
div,12,87
add,84,88
sub,1,71
add,79,49
sub,30,59
mul,79,38
mul,66,81
sub,31,27
div,14,74
sub,60,33
mul,86,31
div,82,75
sub,27,60
add,33,19
div,91,17
add,24,65
add,35,89
sub,8,40
sub,91,22
add,36,94
add,61,99
div,5,13
div,89,40
sub,83,80
div,30,74
sub,39,7
add,35,34
mul,90,5
add,6,94
mul,78,53
div,37,8
div,81,93
add,62,82
sub,2,66
mul,22,97
mul,90,78
sub,5,41
add,57,1
sub,88,23
div,3,89
div,18,80
div,97,29
div,93,33
div,79,68
add,16,36
div,30,47
add,57,61
sub,18,31
sub,10,22
sub,88,56
mul,60,14
add,55,20
sub,4,34
add,8,65
mul,72,23
add,3,69
sub,10,8
sub,100,96
sub,21,100
sub,4,77
sub,88,69
sub,8,45
div,79,12
add,90,16
sub,6,43
div,98,38
mul,70,86
sub,88,100
sub,94,20
sub,39,65
sub,58,58
mul,26,64
div,72,42
div,79,25
div,94,9
div,62,53
mul,18,35
add,92,75
div,24,71
mul,89,11
sub,60,49
add,26,68
div,18,78
div,60,89
add,33,3
mul,28,58
mul,44,79
div,45,69
div,23,50
div,35,75
mul,38,19
mul,88,76
mul,99,25
div,44,70
sub,32,59
div,50,70
div,65,41
add,85,77
add,30,9
sub,48,74
div,100,80
mul,79,95
add,79,90
add,64,44
add,37,3
div,98,22
add,70,78
mul,22,13
add,90,45
mul,66,51
add,84,5
mul,99,84
mul,45,64
sub,81,29
div,51,61
mul,63,22
sub,100,39
sub,76,60
add,68,11
add,90,2
div,80,25
sub,53,62
div,47,60
div,98,85
mul,91,3
sub,27,14
div,22,75
mul,11,11
div,62,23
div,63,11
mul,30,24
add,74,92
div,64,10
add,44,80
mul,23,95
mul,31,66
div,99,68
add,31,68
sub,80,44
mul,14,49
add,80,73
sub,46,100
mul,79,63
add,100,87
sub,70,35
mul,55,63
mul,52,72
mul,93,23
add,80,51
mul,63,61
div,25,83
sub,95,46
div,23,33
div,65,46
sub,36,7
div,90,14
div,1,3
div,74,13
mul,8,86
div,35,46
mul,13,95
sub,1,83
mul,90,15
div,3,26
add,6,75
add,87,48
mul,100,25
mul,33,63
sub,73,75
add,85,33
sub,55,18
mul,3,97
div,35,100
div,86,53
add,54,45
mul,31,42
sub,33,58
div,99,91
add,9,31
sub,18,12
add,31,29
mul,73,100
add,70,62
div,16,99
add,35,72
div,87,85
sub,53,40
sub,66,54
mul,100,84
div,83,4
sub,44,58
sub,44,26
add,91,92
div,45,92
mul,82,95
div,12,67
sub,69,77
mul,58,93
mul,51,63
mul,85,47
add,65,33
mul,16,89
add,83,73
add,55,48
div,31,88
add,60,59
mul,25,97
div,46,28
div,15,54
sub,51,43
add,49,69
add,95,64
div,71,85
mul,34,27
div,95,53
add,8,72
sub,33,13
mul,61,83
div,88,73
div,22,27
sub,3,65
mul,9,7
sub,18,8
mul,100,48
mul,5,30
mul,1,6
add,23,29
sub,88,57
mul,100,6
div,96,15
sub,26,47
add,79,81
mul,48,9
mul,30,67
mul,83,80
div,66,30
add,22,63
sub,99,65
sub,94,73
sub,92,66
mul,62,36
div,60,25
div,13,81
add,21,90
mul,64,39
add,47,75
add,37,75
add,24,84
div,17,61
add,27,87
add,36,28
sub,70,72
sub,52,27
sub,19,19
add,53,3
mul,95,57
div,29,66
add,73,88
div,68,70
mul,81,57
mul,89,9
mul,79,77
div,74,20
div,4,41
sub,19,74
add,16,96
mul,16,22
mul,12,15
sub,60,18
mul,16,32
div,80,18
mul,48,54
sub,53,48
add,70,83
sub,28,66
mul,28,99
sub,45,15
div,13,42
div,6,67
sub,42,57
sub,27,73
div,9,12
add,35,4
mul,14,48
sub,28,45
add,63,77
mul,9,76
mul,60,61
div,56,50
add,77,13
sub,57,73
add,74,48
add,75,3
add,54,78
add,79,60
mul,27,37
mul,29,55
sub,1,60
div,26,33
mul,41,51
mul,67,33
sub,99,78
add,79,16
add,67,38
add,90,11
mul,99,47
div,44,55
add,55,99
mul,81,15
mul,86,86
div,100,68
mul,24,61
mul,74,71
div,73,47
div,40,26
mul,25,36
div,41,33
mul,86,3
sub,58,10
sub,18,84
div,27,10
add,70,79
div,22,45
div,90,15
div,34,39
sub,18,69
sub,2,67
div,77,98
mul,77,78
mul,96,33
mul,59,69
mul,4,20
add,77,99
sub,79,100
mul,73,78
sub,26,67
mul,72,27
div,47,49
sub,73,83
mul,74,81
add,20,47
mul,47,49
div,27,44
add,73,81
sub,85,68
div,17,52
add,50,13
div,66,77
div,80,93
sub,64,99
add,28,52
mul,67,28
sub,26,10
sub,1,70
add,34,82
add,13,29
add,49,7
div,15,40
sub,85,1
add,33,18
add,85,19
mul,18,14
div,67,21
sub,84,21
add,75,57
mul,16,6
add,42,49
div,75,39
add,6,93
mul,36,30
sub,54,87
mul,84,20
sub,26,39
mul,43,21
add,59,90
div,59,23
add,62,13
add,77,78
div,78,63
sub,63,72
sub,15,88
mul,50,91
add,76,39
div,41,19
mul,68,96
div,47,54
div,22,12
mul,1,83
sub,41,100
div,48,93
div,84,99
mul,22,6
mul,32,64
div,67,82
add,21,76
add,75,68
div,72,58
sub,28,56
sub,99,37
mul,47,26
sub,16,9
mul,83,60
mul,38,32
add,47,10
sub,100,78
mul,62,52
sub,58,8
div,10,76
add,65,53
sub,82,97
div,42,69
mul,57,19
add,21,13
div,18,53
sub,31,54
div,19,86
add,32,27
add,95,75
div,13,12
sub,78,78
add,1,32
add,78,22
div,65,69
mul,56,16
sub,41,94
add,40,64
sub,7,14
mul,84,58
mul,38,73
mul,77,92
sub,46,62
mul,92,100
add,81,35
div,88,4
mul,72,3
sub,61,9
div,51,55
sub,69,88
sub,58,30
add,44,66
div,78,33
add,29,29
sub,74,8
mul,57,58
sub,64,64
add,7,4
div,47,48
sub,44,84
sub,67,18
mul,13,85
div,44,92
div,41,77
sub,10,3
sub,94,47
sub,77,1
sub,22,53
mul,32,7
add,49,18
div,88,16
mul,54,93
mul,58,84
mul,85,45
add,98,69
mul,20,3
sub,75,30
add,85,50
mul,75,5
div,22,48
add,53,68
div,100,74
sub,69,27
div,53,33
sub,39,41
div,29,25
div,83,100
mul,21,7
div,71,85
mul,84,40
add,33,24
mul,6,42
sub,10,77
mul,15,7
mul,49,60
sub,86,97
div,68,74
mul,76,92
sub,2,57
div,5,22
sub,47,84
mul,89,26
div,13,72
sub,37,35
div,58,9
add,95,79
div,18,92
div,78,64
div,15,7
mul,23,2
mul,9,97
mul,48,47
mul,24,95
add,13,86
div,72,15
div,77,100
add,27,22
add,70,61
add,45,63
add,58,53
add,12,99
mul,97,2
mul,36,1
div,45,39
mul,54,56
add,65,51
div,10,70
mul,25,75
sub,18,64
mul,20,19
mul,84,97
add,13,74
sub,33,18
div,100,58
mul,95,52
add,89,71
div,15,19
add,98,40
mul,65,11
div,65,58
div,15,65
mul,87,58
mul,48,32
sub,66,3
mul,50,93
div,55,92
div,87,1
add,57,23
mul,41,9
sub,38,20
sub,5,7
add,100,48
add,23,72
add,80,43
div,2,69
div,51,68
add,7,67
add,25,13
mul,39,18
add,40,72
sub,4,32
div,100,90
sub,75,56
sub,13,45
div,40,76
div,81,30
add,60,30
mul,18,46
add,85,36
div,84,97
mul,9,11
mul,81,64
div,57,72
add,48,13
add,20,59
add,59,53
sub,58,19
add,26,18
add,70,46
sub,77,35
mul,24,33
sub,42,42
div,31,10
add,59,87
sub,39,52
sub,8,68
add,90,60
add,45,67
sub,58,54
div,54,14
mul,31,54
mul,100,83
div,18,84
sub,38,17
add,79,65
mul,25,11
add,31,32
mul,34,79
mul,20,70
div,9,83
add,12,59
mul,92,50
mul,85,90
div,85,74
div,50,14
div,15,73
sub,26,96
mul,20,22
add,79,30
div,64,39
div,100,91
mul,65,11
sub,2,44
sub,61,40
add,80,85
mul,29,27
div,78,9
add,54,59
mul,98,93
div,94,9
div,17,79
mul,28,19
add,91,14
add,62,25
div,4,34
div,22,54
div,30,46
div,32,45
add,48,49
add,40,11
sub,37,32
div,63,75
div,13,2
div,55,14
sub,87,97
add,65,14
add,67,85
div,32,13
sub,49,77
mul,63,13
add,4,15
add,70,80
mul,10,21
add,76,78
add,33,59
div,53,24
mul,76,54
div,67,62
sub,18,47
sub,16,19
sub,1,100
add,10,15
add,60,65
sub,46,62
mul,28,5
sub,68,25
sub,90,3
div,62,25
add,96,27
sub,40,1
div,27,24
sub,55,89
add,54,38
div,31,53
add,88,54
add,64,6
mul,25,33
mul,67,75
sub,97,26
add,59,60
mul,53,28
add,84,35
div,95,24
sub,100,37
add,35,39
add,77,1
add,100,83
div,53,53
add,29,52
mul,65,70
div,81,13
sub,78,74
mul,16,81
div,87,54
div,27,61
mul,73,37
sub,95,96
div,63,95
mul,88,66
sub,73,49
add,99,27
mul,77,89
add,24,18
add,58,79
sub,19,43
div,31,49
add,45,23
mul,28,27
div,97,2
mul,66,34
mul,67,17
div,59,67
sub,9,23
add,37,52
sub,4,37
div,93,11
mul,56,63
sub,66,55
add,94,97
div,24,54
mul,16,61
add,71,7
add,9,23
div,16,45
sub,54,50
sub,27,36
mul,43,62
add,34,82
sub,69,64
add,34,81
div,97,3
add,34,23
div,56,22
div,65,4
div,68,17
sub,44,74
sub,30,47
sub,23,79
add,21,29
div,48,16
sub,68,16
sub,55,79
sub,73,71
div,1,11
div,20,99
sub,7,2
sub,19,68
mul,85,67
add,10,17
sub,15,38
add,27,10
div,71,72
mul,3,60
add,2,25
sub,79,22
mul,72,15
sub,12,31
mul,34,73
add,42,28
mul,28,79
mul,66,34
add,5,22
mul,54,6
mul,82,43
div,19,75
div,25,1
add,81,52
add,39,97
add,73,6
sub,44,61
div,45,12
div,73,94
add,18,8
mul,64,7
add,25,50
sub,57,56
add,57,14
add,4,15
div,99,80
div,24,50
mul,6,32
div,11,2
mul,25,61
mul,42,80
sub,55,8
sub,71,33
sub,56,73
sub,35,37
sub,20,22
add,1,98
mul,2,88
mul,9,19
add,43,4
sub,53,74
sub,21,91
add,30,81
sub,2,82
add,7,84
div,19,26
sub,39,58
sub,58,64
sub,61,96
div,77,71
sub,48,98
add,50,67
div,57,9
div,95,74
div,72,91
div,20,24
sub,31,82
div,93,13
div,95,7
sub,68,11
div,19,62
add,86,65
div,95,55
add,13,6
mul,45,16
add,11,10
mul,49,40
add,86,87
div,69,29
sub,12,72
mul,20,12
sub,73,53
div,54,87
sub,6,49
mul,87,93
div,99,72
mul,61,59
div,39,72
add,88,46
sub,54,6
div,47,10
mul,11,83
div,27,14
div,12,16
mul,33,5
mul,72,23
add,7,50
mul,10,81
add,12,52
mul,18,94
add,31,58
add,72,45
sub,17,40
sub,32,72
sub,91,5
add,19,51
sub,51,83
mul,41,79
sub,6,61
sub,24,99
sub,67,15
mul,75,89
add,94,20
mul,31,76
mul,98,1
mul,20,51
sub,53,81
mul,24,16
add,20,88
mul,12,21
add,61,19
sub,58,71
mul,21,13
mul,40,34
div,25,10
add,91,96
add,40,64
sub,17,81
add,11,85
div,82,34
mul,47,55
sub,2,16
add,9,53
add,7,40
add,10,90
sub,69,25
add,9,27
add,80,9
mul,66,20
div,37,77
add,92,82
add,38,4
add,56,47
sub,20,51
add,99,58
sub,97,16
sub,12,69
mul,90,56
add,50,83
div,47,15
sub,41,37
mul,63,28
div,73,51
div,37,48
add,80,100
div,7,96
mul,74,11
div,80,38
mul,52,29
sub,40,18
mul,65,94
sub,54,23
mul,28,37
sub,31,2
sub,94,82
sub,90,61
mul,60,100
add,1,86
mul,69,95
add,82,99
add,71,26
mul,68,93
mul,58,53
sub,58,57
sub,73,68
div,56,68
div,83,14
div,62,37
mul,36,61
div,23,96
sub,3,15
sub,89,4
div,73,38
add,11,44
add,9,38
mul,58,3
add,16,2
div,75,58
add,52,13
sub,53,14
mul,16,61
mul,77,3
add,28,18
add,31,6
mul,84,64
div,53,28
sub,67,74
div,50,55
sub,100,90
sub,43,13
sub,47,58
mul,38,54
add,15,31
sub,78,67
sub,54,42
sub,22,88
add,23,23
mul,68,87
div,1,88
mul,85,21
mul,39,91
add,91,64
sub,6,79
mul,65,40
add,63,52
add,9,32
div,83,15
add,23,18
sub,74,38
add,81,44
div,40,65
add,7,16
mul,20,81
sub,87,77
div,32,75
sub,49,59
div,91,67
add,89,3
sub,81,60
div,76,95
mul,82,84
sub,74,48
add,38,25
div,21,53
sub,24,67
sub,74,4
mul,82,8
div,30,33
div,50,7
mul,7,95
sub,45,80
div,57,11
mul,10,15
sub,18,41
add,94,68
sub,41,78
add,62,31
mul,68,34
div,76,90
div,99,41
add,39,79
div,22,12
mul,9,41
mul,75,30
add,20,28
mul,32,43
sub,18,16
mul,83,19
mul,56,86
mul,36,22
mul,99,93
sub,76,28
sub,73,13
div,18,9
div,66,52
div,51,68
add,93,26
add,58,43
mul,84,43
add,11,63
div,39,80
div,54,24
div,13,4
sub,53,63
div,63,78
mul,57,71
sub,41,50
add,17,18
add,10,91
mul,19,72
add,99,97
add,47,91
div,5,13
mul,20,59
mul,34,28
mul,18,88
add,57,20
sub,99,47
mul,13,83
div,14,82
mul,57,89
add,57,96
sub,74,85
mul,84,66
mul,61,35
mul,86,74
div,40,40
add,65,81
mul,19,14
sub,32,54
mul,24,11
sub,90,87
add,45,23
mul,66,22
mul,87,11
add,34,25
div,46,79
mul,22,81
add,69,26
add,20,72
sub,61,49
add,36,8
div,61,4
sub,63,15
mul,42,1
sub,40,99
mul,85,4
sub,35,33
div,76,72
sub,6,25
add,95,11
add,26,18
sub,72,16
add,4,34
div,85,43
add,43,44
div,17,25
sub,56,68
sub,33,61
add,34,30
add,99,88
sub,49,19
add,75,43
div,61,25
sub,42,74
div,98,19
sub,73,68
div,89,11
add,81,53
div,73,95
div,95,86
sub,68,76
add,1,100
sub,49,100
sub,55,12
mul,82,3
sub,53,6
add,51,29
add,25,53
add,44,41
sub,14,19
sub,47,96
mul,66,16
div,48,35
sub,63,24
sub,13,99
add,91,34
add,84,2
mul,55,55
add,8,23
sub,89,8
sub,61,93
sub,81,86
add,87,9
sub,15,26
sub,38,68
mul,48,29
sub,51,8
div,52,5
mul,98,10
mul,2,7
div,40,52
mul,87,21
add,11,91
sub,25,86
add,59,19
mul,14,58
sub,5,88
add,92,100
div,57,59
sub,98,82
div,95,66
add,73,7
add,88,59
sub,56,63
div,46,85
mul,68,27
sub,49,60
add,18,70
mul,59,63
mul,73,19
sub,25,50
mul,9,13
sub,36,67
add,54,67
sub,58,30
mul,14,92
mul,71,64
div,42,7
sub,38,18
mul,40,83
mul,55,60
mul,46,88
sub,9,51
mul,79,59
div,82,65
div,71,67
sub,90,19
add,64,14
sub,76,5
div,82,1
div,59,67
div,87,79
mul,45,52
mul,54,54
sub,24,1
div,74,88
sub,88,14
mul,1,83
add,92,90
sub,41,2
sub,38,98
add,82,14
sub,69,72
sub,33,41
sub,10,5
add,82,51
add,95,2
sub,99,3
mul,24,37
add,22,75
div,17,61
add,13,64
sub,66,82
div,8,4
div,89,62
mul,42,68
mul,53,38
sub,78,5
add,68,14
add,23,23
sub,97,5
add,46,33
mul,61,67
div,28,96
mul,77,70
mul,68,53
mul,77,63
sub,59,7
add,51,96
div,68,71
div,32,80
mul,13,80
add,38,9
sub,11,60
sub,49,19
sub,42,42
add,4,16
add,81,44
sub,65,4
add,54,55
mul,98,35
add,48,36
add,45,39
sub,25,5
div,83,26
sub,82,10
mul,50,36
div,30,90
add,75,11
mul,37,93
sub,58,41
add,40,88
sub,6,94
div,26,7
sub,82,52
mul,93,39
add,11,39
add,62,56
mul,35,59
mul,31,84
sub,65,2
mul,10,84
add,53,3
div,83,73
add,7,36
sub,70,33
add,24,67
div,84,36
sub,14,72
mul,49,45
mul,57,64
sub,25,71
add,4,49
mul,30,8
mul,97,4
div,68,25
div,39,89
mul,61,12
div,72,69
div,39,86
sub,40,32
add,70,74
mul,43,70
add,43,14
sub,3,90
sub,19,75
div,57,25
add,98,88
mul,5,83
mul,31,52
sub,97,83
mul,73,92
add,40,14
mul,40,92
div,64,41
add,38,77
div,79,32
sub,90,76
add,71,90
add,35,82
div,21,52
sub,89,44
div,93,61
add,12,66
mul,76,72
div,51,84
mul,29,82
sub,51,39
mul,2,31
sub,84,35
add,55,17
mul,40,73
add,48,74
div,96,35
mul,29,10
add,6,97
div,21,90
add,36,66
div,89,4
div,61,73
add,10,20
div,10,13
add,27,1
sub,83,39
div,35,33
add,18,67
sub,78,19
mul,20,62
add,62,61
sub,5,11
div,6,88
sub,55,88
add,84,13
div,95,47
div,100,94
div,53,3
div,43,29
sub,94,80
mul,83,37
sub,59,60
mul,8,42
sub,29,32
div,51,33
add,45,48
mul,21,48
add,6,65
mul,91,20
sub,36,40
sub,43,83
sub,37,98
add,14,93
div,20,39
div,82,49
sub,66,90
sub,80,17
div,83,16
mul,28,20
sub,8,29
sub,62,23
mul,89,6
div,85,65
add,77,84
div,44,39
sub,8,16
sub,25,27
div,96,40
sub,79,24
mul,6,46
div,90,10
sub,81,14
mul,59,34
add,32,64
div,84,62
div,16,82
sub,9,92
div,80,67
div,60,10
add,57,3
div,84,65
sub,53,81
add,88,89
sub,51,50
div,42,61
sub,32,49
sub,76,79
sub,76,99
div,52,12
sub,71,33
mul,31,32
mul,81,93
div,44,60
mul,33,47
add,3,2
sub,35,41
div,38,39
mul,10,14
div,5,35
mul,29,51
div,2,69
add,56,4
mul,96,39
mul,93,76
mul,84,77
div,80,93
sub,3,16
sub,93,19
div,99,84
add,46,50
div,92,70
mul,89,65
add,92,24
mul,33,51
mul,6,73
sub,43,48
add,42,58
sub,60,27
div,25,25
div,20,92
sub,90,75
mul,29,60
div,20,27
sub,72,1
mul,44,69
add,10,60
mul,28,16
sub,87,28
sub,22,85
mul,67,75
mul,53,85
mul,59,92
div,87,27
sub,50,96
sub,73,20
mul,81,69
add,8,94
div,30,74
mul,54,8
mul,97,14
add,28,4
add,43,39
sub,13,97
mul,50,74
sub,84,69
add,95,67
add,32,69
mul,97,74
sub,83,63
sub,78,92
sub,100,50
mul,9,12
mul,29,40
div,39,7
mul,81,8
sub,24,86
add,12,35
add,60,73
mul,22,1
div,52,61
mul,68,67
add,11,42
sub,9,41
sub,83,70
add,3,38
sub,96,77
mul,46,40
mul,70,37
add,23,42
mul,48,90
add,65,27
add,87,76
div,44,18
sub,67,10
mul,19,46
sub,48,97
add,17,78
sub,39,42
add,59,16
sub,68,23
add,42,91
div,70,29
add,66,46
mul,67,87
sub,38,89
div,35,25
add,96,93
sub,14,100
mul,30,85
mul,76,77
sub,10,92
sub,85,30
sub,72,90
div,67,55
add,46,95
div,23,69
mul,70,79
add,86,31
mul,29,38
sub,35,67
sub,63,93
add,53,32
add,91,8
sub,1,43
add,53,16
div,46,52
div,6,66
sub,25,40
mul,60,63
sub,79,75
div,6,19
sub,1,44
sub,52,22
add,8,13
add,74,61
mul,93,28
div,43,48
add,45,76
add,46,77
sub,63,3
add,25,21
div,31,100
mul,54,68
div,30,94
mul,32,70
add,47,30
mul,10,35
add,1,13
mul,83,16
sub,71,98
mul,89,35
sub,91,93
add,10,33
sub,27,52
mul,100,89
add,25,21
div,7,81
mul,78,47
sub,47,51
add,51,24
sub,5,86
div,62,26
add,37,48
div,79,13
sub,98,22
sub,23,87
sub,80,13
div,82,16
sub,5,19
mul,41,16
div,35,14
mul,84,5
div,96,10
mul,41,42
div,25,96
mul,59,37
sub,97,32
div,21,30
add,92,43
sub,85,21
add,9,87
mul,35,39
mul,92,88
div,90,37
sub,67,16
mul,61,62
sub,62,27
mul,18,26
add,58,93
div,56,13
div,41,71
mul,85,44
sub,47,65
add,93,31
div,41,25
add,37,80
sub,78,16
div,43,49
div,26,44
add,57,58
mul,20,51
div,27,89
div,17,99
mul,41,59
mul,63,30
sub,44,84
mul,14,73
add,64,34
sub,37,92
mul,78,37
add,25,77
mul,86,67
mul,38,49
div,65,54
add,52,49
add,43,40
add,99,50
add,85,81
sub,98,23
mul,14,15
mul,68,45
sub,51,71
add,73,60
div,90,5
div,56,48
div,49,22
sub,31,11
add,6,67
sub,51,93
mul,89,36
sub,60,15
mul,90,68
sub,21,76
div,63,92
add,7,23
mul,34,95
sub,1,76
mul,36,90
sub,12,68
add,96,34
sub,61,10
sub,7,19
div,29,18
sub,12,76
sub,58,28
sub,34,30
add,71,13
add,5,19
add,92,51
div,74,23
div,63,7
div,17,39
div,15,36
sub,75,87
add,82,71
mul,37,49
add,7,42
add,37,4
sub,53,50
mul,37,89
add,40,42
sub,73,79
div,70,73
mul,59,57
sub,57,2
mul,54,37
mul,65,68
add,78,95
mul,76,61
div,42,2
div,61,41
div,34,13
mul,44,36
div,89,84
sub,66,43
sub,82,56
sub,26,91
div,58,1
sub,8,79
div,50,74
mul,86,57
sub,96,9
div,85,60
div,93,37
mul,14,63
mul,54,1
add,94,97
add,32,48
sub,19,42
sub,9,13
add,62,64
add,59,57
mul,13,8
div,17,2
add,100,77
div,14,45
add,3,85
add,17,66
div,96,11
add,22,51
mul,51,33
mul,95,64
add,99,47
mul,34,74
add,59,36
sub,78,97
mul,55,38
div,17,73
div,30,6
div,35,59
sub,73,47
add,98,29
add,47,24
add,46,33
add,32,60
add,90,79
mul,51,28
sub,57,73
add,82,56
sub,40,51
sub,4,65
sub,8,66
mul,12,29
add,38,9
div,72,11
sub,16,10
sub,97,15
add,5,42
div,63,64
div,79,95
sub,52,10
mul,12,67
add,83,23
add,23,23
sub,57,76
div,90,69
sub,71,12
mul,66,98
sub,16,23
add,92,87
add,19,95
div,36,97
add,40,51
mul,11,39
div,78,25
sub,63,77
add,6,72
mul,71,32
div,87,34
add,37,14
div,86,95
sub,44,24
mul,99,21
add,44,43
div,96,71
add,13,88
sub,24,29
sub,90,70
sub,68,17
div,4,37
div,68,91
add,26,83
mul,78,36
sub,51,97
sub,54,56
add,94,78
div,31,41
mul,94,89
div,42,84
sub,37,100
add,29,45
add,72,80
sub,46,5
sub,35,100
mul,3,69
sub,73,13
div,15,84
add,3,30
mul,99,26
div,43,86
mul,86,49
mul,42,27
div,66,68
mul,33,92
sub,81,40
div,89,7
add,32,97
div,89,34
add,71,38
mul,68,4
mul,4,2
sub,5,43
sub,11,92
div,23,70
div,30,83
sub,39,89
div,5,50
add,2,69
add,48,42
mul,70,89
div,48,43
mul,85,26
add,59,6
mul,62,87
div,8,91
div,80,13
mul,37,87
sub,24,41
add,73,11
mul,86,79
add,62,42
sub,49,92
add,23,12
add,47,31
sub,61,87
add,59,58
add,49,35
add,31,95
div,64,48
add,69,94
div,77,31
mul,28,30
mul,86,32
mul,71,46
mul,43,38
div,44,47
mul,79,24
add,27,4
div,58,46
mul,30,61
add,52,85
mul,90,57
sub,40,79
add,68,40
div,38,64
add,48,84
mul,79,73
add,48,69
div,60,59
sub,88,38
add,62,58
mul,37,77
mul,80,95
add,11,88
add,22,84
mul,11,94
mul,81,74
div,25,65
mul,46,83
mul,50,79
div,76,89
add,27,91
add,51,82
div,47,85
mul,5,14
sub,73,94
mul,12,22
mul,43,86
sub,91,18
mul,65,10
div,75,57
div,4,73
add,62,12
add,67,38
sub,99,50
div,5,9
mul,50,39
sub,64,9
add,56,70
mul,76,64
sub,47,30
mul,6,66
add,3,42
sub,63,78
sub,96,58
sub,35,42
mul,58,18
mul,80,49
mul,100,98
sub,10,100
div,89,42
sub,41,60
add,19,28
div,84,47
add,4,34
sub,9,58
mul,66,36
add,11,69
add,54,20
add,23,35
sub,75,4
add,81,44
sub,25,27
add,57,79
sub,2,48
sub,80,33
add,94,40
add,90,5
mul,7,56
sub,17,52
mul,43,61
div,72,66
mul,96,55
add,87,89
add,5,21
sub,39,37
add,26,56
sub,16,100
div,34,8
div,38,51
div,77,88
mul,17,40
div,92,97
sub,60,78
add,31,45
add,23,7
mul,49,28
add,44,25
sub,41,100
add,91,26
sub,29,43
add,84,89
add,38,26
sub,40,72
div,68,17
sub,73,85
div,100,60
mul,2,89
add,52,10
add,36,11
mul,25,15
div,39,17
sub,42,21
mul,92,32
mul,46,98
sub,8,49
add,85,35
div,38,42
add,44,11
add,3,54
add,63,70
div,14,12
sub,82,37
mul,94,36
add,78,100
sub,17,22
div,33,61
sub,43,2
div,95,80
add,31,41
sub,82,98
mul,51,24
div,91,7
add,61,14
add,87,92
mul,55,72
mul,10,80
sub,72,3
mul,47,53
div,82,77
sub,69,97
add,44,32
div,50,2
div,95,72
add,94,17
add,97,6
mul,74,82
div,62,19
div,93,85
add,51,71
div,75,78
mul,60,91
div,21,13
sub,98,42
mul,62,28
mul,13,51
div,61,46
mul,84,19
add,77,59
div,65,48
mul,32,38
add,39,14
div,100,50
div,48,49
mul,52,72
add,41,52
sub,38,100
div,87,19
add,31,14
div,23,72
div,48,30
sub,67,38
add,45,97
add,88,88
mul,68,7
div,78,94
mul,18,4
mul,74,4
add,42,84
sub,73,47
mul,88,23
sub,66,70
sub,90,83
add,14,63
add,54,39
sub,88,2
mul,98,93
div,75,46
div,4,95
div,35,27
add,45,69
div,39,22
add,3,61
add,62,56
sub,44,37
sub,38,13
mul,49,48
sub,93,13
mul,78,23
mul,75,17
add,36,22
div,9,48
add,12,66
sub,76,55
sub,91,50
div,8,30
mul,47,19
div,21,31
mul,11,71
add,32,35
sub,94,34
sub,100,42
div,2,16
div,32,25
add,70,98
sub,59,2
sub,15,34
mul,95,15
add,98,41
div,18,20
div,19,48
mul,44,31
add,61,63
div,71,91
add,3,10
mul,24,70
mul,95,75
mul,69,98
add,67,28
add,12,35
sub,43,25
add,46,67
add,48,22
sub,76,44
div,62,49
mul,90,55
sub,62,22
add,8,12
div,52,51
mul,50,33
mul,47,46
add,100,2
sub,18,87
div,34,25
div,92,90
div,93,32
mul,19,14
mul,45,83
div,36,16
sub,57,47
div,94,66
sub,65,5
div,55,23
sub,17,44
sub,7,11
sub,85,83
mul,54,83
sub,84,3
add,87,97
div,21,49
div,41,25
div,92,22
div,61,30
sub,91,72
add,11,28
mul,28,48
sub,32,58
mul,33,36
mul,4,37
div,32,75
add,95,68
div,31,11
mul,90,2
div,85,14
div,16,19
sub,55,25
sub,90,88
mul,9,49
mul,85,51
add,56,79
sub,37,81
mul,25,88
add,57,40
mul,39,22
div,95,8
add,76,19
div,74,87
mul,5,45
sub,42,98
mul,97,19
add,14,38
div,35,99
sub,68,96
mul,44,90
sub,37,72
add,29,56
div,70,63
div,4,28
sub,96,38
add,84,18
mul,23,80
sub,48,41
mul,47,84
mul,42,9
mul,54,14
sub,4,57
add,51,79
div,61,42
add,7,82
sub,2,63
sub,14,4
div,38,5
sub,62,26
sub,1,78
mul,99,23
mul,28,32
mul,39,88
mul,51,26
mul,81,33
add,43,80
sub,77,2
div,68,17
sub,43,9
sub,76,99
add,36,67
div,46,48
add,96,72
add,70,90
add,20,23
sub,93,79
div,88,47
div,80,26
mul,70,36
div,32,79
add,26,37
add,36,83
add,94,38
mul,42,90
mul,26,25
div,55,14
add,60,40
div,46,67
sub,29,13
add,25,46
sub,94,20
mul,39,70
mul,96,94
add,52,44
mul,100,95
mul,10,61
sub,91,9
mul,97,29
div,7,82
div,66,66
div,69,11
mul,47,87
div,46,25
add,100,5
sub,53,6
div,33,93
div,56,3
add,8,1
mul,17,22
add,52,94
div,50,74
mul,100,79
mul,18,52
sub,28,96
mul,5,61
div,7,30
mul,18,73
sub,51,58
sub,59,3
div,65,89
add,20,38
mul,53,52
sub,12,5
mul,25,25
mul,21,45
sub,13,87
sub,25,42
div,96,52
sub,54,95
div,70,48
add,5,41
add,6,21
sub,23,2
add,22,16
sub,79,96
sub,11,64
mul,19,22
div,36,63
add,95,82
sub,52,17
sub,44,10
div,36,67
div,26,77
mul,43,2
div,93,78
mul,25,8
sub,20,18
div,68,100
sub,4,29
div,18,80
mul,5,63
add,32,37
div,98,16
mul,91,81
sub,88,34
add,15,6
div,68,32
sub,94,22
sub,84,80
mul,78,8
add,19,29
add,69,94
add,22,5
mul,27,88
sub,33,49
mul,67,99
add,36,70
add,76,51
mul,22,71
mul,52,50
mul,71,29
add,73,53
sub,82,88
div,58,53
add,98,19
sub,23,6
div,3,22
sub,98,21
sub,86,43
sub,82,50
div,50,84
div,39,2
sub,44,53
mul,76,58
sub,77,30
div,97,1
mul,24,39
add,36,28
mul,21,23
mul,85,36
add,25,35
mul,41,6
sub,83,31
sub,42,63
mul,61,18
sub,24,68
add,77,100
div,53,2
sub,86,13
add,15,73
add,9,67
div,7,63
mul,28,14
mul,22,68
div,91,8
sub,89,36
mul,86,78
sub,12,34
sub,5,39
sub,4,84
mul,89,58
add,52,76
mul,48,12
div,17,95
add,25,67
div,100,49
div,41,73
mul,51,41
div,18,12
add,33,1
div,76,67
div,80,41
sub,58,94
div,32,20
sub,65,66
sub,17,5
sub,64,15
mul,69,5
add,63,3
mul,94,64
add,47,76
sub,20,13
div,96,3
mul,87,68
div,17,78
sub,21,62
div,58,69
div,41,11
sub,49,11
add,79,6
add,86,45
add,89,55
mul,34,3
div,24,31
add,8,24
sub,97,88
mul,98,47
add,4,10
mul,76,18
add,70,90
div,2,97
mul,87,48
add,68,73
add,61,34
div,83,20
sub,48,7
add,39,50
div,81,80
add,82,66
mul,96,54
div,91,90
div,46,44
sub,96,89
mul,67,76
div,96,14
sub,31,91
mul,9,7
mul,20,38
sub,96,82
mul,30,46
mul,67,19
sub,81,67
sub,93,25
sub,81,77
mul,3,60
sub,38,66
mul,43,17
add,76,39
div,51,33
div,20,60
add,53,88
mul,9,99
sub,44,65
div,33,57
mul,82,66
mul,22,46
div,3,18
mul,90,14
div,71,37
add,85,52
div,16,77
sub,82,50
sub,74,98
div,24,9
sub,60,39
mul,52,70
sub,45,98
add,1,51
sub,18,22
div,26,14
mul,62,36
mul,8,99
sub,21,55
sub,79,16
mul,3,54
div,11,38
div,58,45
div,44,71
sub,83,12
sub,50,46
sub,28,20
add,59,93
sub,81,61
div,69,80
div,71,81
add,51,2
div,44,96
sub,81,17
sub,78,92
add,86,100
div,36,14
sub,23,96
div,82,74
add,15,1
add,23,96
sub,89,82
mul,5,8
add,51,16
sub,67,31
div,50,72
sub,89,85
mul,3,97
mul,5,17
div,69,81
div,66,82
div,72,75
sub,48,67
sub,94,26
div,66,92
div,64,61
sub,21,90
add,82,56
div,59,92
mul,75,40
mul,68,44
mul,22,35
sub,51,67
mul,10,21
mul,99,73
mul,35,30
div,56,85
div,12,33
sub,11,43
sub,89,27
mul,80,79
sub,66,82
mul,80,45
mul,94,31
add,26,34
sub,35,87
mul,48,81
sub,13,14
add,5,52
add,42,60
add,4,27
mul,82,82
div,63,73
div,49,8
mul,12,59
div,6,75
sub,14,35
div,39,11
add,23,56
div,67,79
mul,99,33
div,32,7
div,74,82
mul,82,97
mul,39,26
sub,12,19
sub,49,72
sub,79,56
add,10,64
sub,94,9
sub,6,17
add,69,40
mul,36,74
add,31,70
mul,28,75
mul,84,33
mul,26,58
mul,6,10
mul,72,40
sub,5,93
sub,91,37
add,64,52
add,72,13
add,2,20
sub,56,37
mul,56,28
div,1,7
add,79,87
div,63,61
add,35,78
div,50,9
add,67,18
add,31,26
div,86,70
div,99,99
mul,83,64
sub,73,74
mul,13,7
div,70,27
sub,69,21
div,87,64
div,96,56
sub,93,21
mul,99,94
mul,30,78
div,98,21
mul,23,4
sub,19,76
sub,44,39
add,60,68
mul,63,18
add,20,89
sub,84,70
add,63,90
add,28,76
add,91,61
add,86,48
div,87,58
add,88,36
mul,1,89
add,8,9
mul,3,46
mul,20,60
add,72,53
mul,13,78
div,29,16
div,90,61
add,80,68
add,85,18
add,28,72
add,56,70
mul,74,31
sub,39,39
div,21,36
add,18,11
add,100,95
sub,58,40
div,53,34
sub,80,98
div,84,18
sub,43,87
div,19,27
div,50,17
mul,72,30
add,76,97
mul,77,21
sub,51,39
add,33,63
sub,35,20
mul,13,60
sub,57,55
mul,74,47
div,21,73
sub,93,82
add,82,40
add,71,43
div,56,12
div,31,39
mul,42,91
add,38,76
sub,65,19
sub,34,5
div,82,96
add,55,67
sub,12,65
sub,3,52
sub,17,29
add,37,80
div,98,71
sub,47,81
div,3,10
mul,12,72
add,94,61
mul,24,79
add,94,59
add,94,65
add,22,49
add,63,30
mul,45,99
div,65,62
add,76,31
sub,57,51
mul,59,76
div,21,78
mul,35,96
sub,81,94
mul,9,70
sub,42,82
div,92,42
mul,4,75
sub,8,7
div,94,36
add,7,53
add,26,99
sub,2,5
sub,19,55
add,85,38
mul,95,8
div,52,65
div,58,20
add,37,81
div,51,78
mul,85,9
mul,58,5
sub,86,7
sub,66,66
add,15,36
sub,100,19
div,74,5
add,44,7
add,65,89
mul,4,16
div,4,83
add,28,40
add,40,16
sub,13,29
add,73,16
div,46,73
add,68,88
add,72,22
div,32,15
sub,43,61
div,12,36
div,14,61
div,95,60
add,70,59
add,9,11
sub,34,59
mul,73,100
mul,19,100
mul,8,50
div,22,67
mul,79,20
div,85,90
sub,79,56
div,88,31
mul,96,7
add,17,30
mul,71,20
add,6,21
add,92,15
sub,68,13
sub,61,91
div,100,40
add,52,9
mul,37,3
mul,17,86
add,25,37
div,9,81
mul,95,85
sub,50,67
mul,17,90
sub,36,93
sub,4,49
add,75,56
add,31,55
sub,10,96
div,5,30
add,51,7
add,93,86
add,31,3
div,42,61
mul,24,72
sub,7,14
sub,66,35
sub,83,57
div,33,80
mul,6,35
mul,34,82
add,64,98
mul,27,27
mul,38,32
add,77,17
sub,69,39
div,59,5
add,86,8
sub,14,97
div,6,74
div,84,43
div,50,37
add,13,84
add,60,5
add,5,45
sub,85,29
div,27,15
mul,9,35
sub,8,64
div,97,26
div,56,50
div,70,54
add,34,44
sub,58,70
add,50,85
div,54,60
div,6,81
sub,54,20
mul,66,88
mul,49,95
sub,57,94
div,53,52
add,61,59
add,31,93
sub,93,66
div,58,3
mul,9,26
div,46,42
add,34,64
mul,49,66
sub,100,81
sub,97,22
div,83,17
sub,93,24
add,65,31
sub,99,93
div,46,76
sub,18,20
mul,41,68
div,62,22
mul,70,46
div,25,11
mul,65,92
div,75,37
div,77,94
mul,74,60
mul,41,41
add,94,66
div,49,10
sub,84,47
sub,98,83
div,32,61
add,90,97
div,50,15
add,37,26
add,17,81
sub,26,53
sub,35,10
div,64,52
mul,13,80
sub,9,85
add,43,52
add,3,40
add,46,81
div,86,96
div,24,24
mul,43,77
div,63,52
add,62,68
add,93,54
mul,60,69
sub,4,64
sub,14,74
div,54,90
div,72,38
div,31,16
sub,86,44
div,48,60
div,36,40
div,45,88
sub,30,19
sub,45,23
mul,14,57
mul,61,77
mul,86,3
sub,72,6
add,4,83
add,68,66
add,92,49
div,60,40
add,12,94
sub,21,88
mul,61,46
sub,24,3
div,72,18
mul,77,58
div,16,54
add,24,82
mul,22,13
add,80,76
sub,56,74
mul,54,83
div,11,100
mul,12,76
mul,16,51
div,40,23
add,21,93
div,83,60
sub,95,93
add,64,19
mul,92,26
sub,24,95
add,61,28
add,12,51
mul,5,90
sub,73,41
mul,77,88
sub,16,27
mul,97,99
sub,76,94
mul,42,49
add,91,56
mul,21,18
mul,17,30
mul,34,90
sub,48,5
add,69,35
div,88,60
sub,56,36
add,63,72
div,8,89
mul,93,81
mul,70,35
sub,82,8
sub,89,7
mul,11,12
mul,47,5
sub,95,7
sub,68,44
add,6,74
add,28,5
mul,66,41
sub,21,36
add,15,17
add,87,79
div,87,11
sub,76,81
div,20,87
mul,39,7
mul,61,36
div,23,71
sub,41,40
sub,94,72
add,44,71
mul,94,2
sub,85,99
mul,91,56
add,68,79
div,50,69
div,78,38
add,57,84
sub,94,11
add,58,37
add,27,63
add,9,59
div,85,8
mul,1,25
add,96,48
div,72,70
div,44,97
div,68,49
div,56,6
sub,1,76
add,73,30
sub,50,67
add,14,77
add,57,51
div,28,77
mul,26,36
sub,87,47
sub,30,4
mul,57,81
div,12,70
div,10,92
div,38,25
sub,10,94
sub,59,74
sub,51,69
sub,65,72
add,79,18
sub,69,72
add,36,84
mul,92,98
add,40,39
div,85,95
div,23,73
mul,53,84
mul,95,56
mul,89,15
sub,11,37
div,11,78
mul,12,1
add,58,52
sub,86,17
div,89,60
add,91,39
div,7,99
sub,36,90
sub,38,34
mul,17,77
div,11,46
sub,27,87
add,87,7
add,65,86
add,32,41
sub,41,37
add,44,36
add,39,33
sub,3,18
div,15,35
mul,64,74
add,89,90
add,9,80
sub,42,47
sub,22,52
sub,76,23
div,30,2
div,99,39
mul,71,84
add,21,7
add,27,26
sub,87,17
add,87,50
sub,50,5
div,64,59
add,51,32
sub,91,21
div,79,76
mul,54,73
mul,7,10
add,76,6
mul,55,82
mul,35,80
mul,49,78
add,41,57
sub,73,41
sub,90,22
add,45,19
mul,76,94
mul,49,46
mul,25,1
mul,55,93
mul,9,12
sub,94,86
add,61,54
add,47,60
mul,60,3
sub,84,93
add,6,52
add,52,73
div,80,85
sub,89,23
mul,50,39
sub,80,32
sub,8,74
add,49,32
div,83,57
mul,84,54
sub,58,82
add,12,67
div,89,81
add,93,70
sub,42,89
add,96,22
div,7,4
sub,37,57
div,50,85
div,68,87
mul,3,78
sub,32,83
mul,95,73
div,54,32
div,84,16
sub,17,86
add,45,26
div,97,71
sub,70,1
add,98,95
mul,52,39
div,88,21
sub,27,13
div,9,8
mul,17,75
add,63,79
sub,57,68
mul,57,98
mul,20,39
sub,63,68
add,84,85
add,15,90
div,90,14
mul,74,14
add,36,20
sub,55,21
mul,31,96
div,84,97
add,19,49
sub,22,24
mul,95,30
add,99,79
sub,54,58
sub,97,43
mul,84,50
sub,41,84
div,25,71
add,12,99
add,77,23
mul,53,43
mul,66,68
div,41,93
add,38,52
mul,43,29
sub,35,38
add,80,74
mul,94,24
mul,1,50
div,45,29
add,79,53
sub,14,1
mul,53,43
div,34,46
mul,10,41
mul,28,31
mul,14,41
add,51,92
add,97,68
mul,77,14
add,19,50
mul,56,31
sub,20,14
div,33,94
add,50,8
add,48,57
mul,54,13
div,4,27
sub,94,12
sub,36,69
sub,94,59
div,7,61
add,20,35
add,20,96
sub,15,17
div,39,43
div,79,72
add,5,56
mul,80,53
div,64,82
mul,21,22
mul,68,32
mul,80,70
add,45,72
sub,80,98
sub,75,33
mul,68,68
div,94,1
add,9,83
div,47,25
div,82,37
sub,35,23
mul,7,34
add,24,54
mul,29,36
div,27,70
sub,8,69
div,37,74
sub,61,31
mul,48,90
mul,43,93
div,75,20
div,21,73
div,51,16
sub,81,87
add,52,57
mul,80,81
sub,45,74
sub,28,44
div,53,33
mul,3,19
div,5,86
mul,79,70
add,42,90
sub,1,13
add,30,93
mul,73,94
div,39,19
div,53,18
sub,30,48
div,60,21
sub,8,10
div,9,70
add,52,40
mul,57,94
mul,82,41
sub,54,27
sub,98,2
sub,47,20
add,69,61
mul,78,39
sub,71,96
div,91,100
sub,100,59
mul,100,84
add,40,10
mul,89,5
div,63,20
sub,40,77
add,4,12
div,3,10
add,74,97
div,23,41
mul,23,51
add,6,48
add,12,59
div,47,41
sub,18,94
div,7,62
div,40,20
div,86,85
sub,10,48
div,77,40
add,58,60
mul,84,37
sub,62,54
add,47,30
sub,7,89
add,8,93
add,19,57
mul,72,38
mul,21,5
add,83,24
div,77,99
mul,26,82
add,64,69
div,30,94
sub,70,8
sub,80,97
mul,55,3
div,30,18
sub,53,56
mul,77,32
mul,14,89
mul,34,67
add,5,4
div,19,24
add,61,25
mul,59,3
div,12,17
mul,42,64
add,89,35
add,13,30
add,56,33
div,59,52
div,36,99
sub,21,47
mul,4,14
add,82,28
sub,86,92
mul,78,53
add,1,50
div,61,88
sub,4,46
mul,25,5
add,32,94
mul,76,55
div,76,77
mul,45,62
sub,33,70
add,90,29
sub,64,87
mul,66,88
mul,14,65
mul,88,97
mul,8,82
div,53,95
add,51,34
sub,51,97
div,9,86
div,43,61
div,13,64
mul,53,51
div,29,10
add,6,85
div,26,63
mul,61,54
sub,97,45
mul,22,53
div,36,69
div,45,3
mul,22,58
add,30,87
sub,71,41
add,89,95
add,24,27
sub,22,24
add,93,1
sub,75,12
add,11,47
add,35,46
sub,35,29
mul,23,3
div,9,74
add,31,11
mul,42,11
mul,45,61
sub,27,75
div,64,62
sub,74,53
sub,30,36
mul,42,58
div,41,23
mul,42,23
div,60,71
mul,61,16
add,14,38
mul,57,10
div,9,34
add,95,97
add,14,71
sub,48,89
mul,75,83
mul,42,59
add,64,7
div,82,51
add,98,100
mul,92,15
add,41,86
sub,51,58
div,39,51
div,56,73
add,54,24
div,74,23
add,77,68
sub,42,70
add,75,84
mul,4,22
sub,96,32
add,45,28
mul,7,97
add,38,18
sub,24,67
sub,56,19
div,51,32
div,89,46
sub,92,62
div,17,39
add,58,24
mul,31,40
div,17,36
sub,4,89
mul,55,52
mul,65,44
mul,69,83
sub,8,60
add,6,64
add,74,46
add,34,53
mul,91,38
sub,71,13
add,80,4
mul,29,71
mul,2,24
mul,86,72
add,81,100
sub,100,10
sub,75,32
sub,24,41
mul,47,63
add,85,78
add,13,97
mul,91,99
div,8,6
div,59,56
mul,31,95
add,25,70
add,58,60
mul,45,93
mul,6,22
sub,89,24
add,60,4
sub,79,82
add,90,84
add,46,2
div,10,52
mul,24,43
sub,91,81
add,84,55
div,56,88
div,68,92
mul,28,63
add,86,78
sub,99,32
div,17,90
sub,57,93
mul,64,4
div,53,16
sub,38,39
add,42,15
sub,90,37
sub,25,61
mul,6,49
mul,44,2
div,58,70
div,37,84
mul,46,14
div,29,95
mul,76,77
sub,92,1
div,18,32
add,51,6
div,35,10
sub,98,7
add,5,71
sub,69,37
div,4,58
add,13,46
mul,43,99
add,25,91
sub,2,92
add,92,77
mul,45,71
div,28,32
add,52,1
add,23,46
sub,37,20
add,99,38
add,94,96
div,32,82
div,91,54
mul,33,22
mul,59,97
add,14,84
div,39,69
div,99,11
div,70,15
mul,94,100
sub,82,7
mul,44,36
add,80,18
mul,46,10
div,41,58
mul,76,92
div,67,61
sub,8,88
add,57,47
div,48,53
mul,22,87
add,18,48
div,43,46
sub,30,21
mul,99,24
sub,14,18
add,36,85
mul,77,18
sub,31,54
sub,32,18
sub,43,41
sub,51,55
sub,33,94
div,45,45
sub,8,71
div,37,97
sub,76,1
mul,88,18
add,77,20
add,53,44
sub,39,8
add,55,80
add,35,42
add,6,36
div,34,78
div,34,3
sub,46,39
add,91,64
add,47,49
div,89,29
div,56,93
sub,7,95
mul,7,84
sub,16,42
add,87,71
sub,22,34
add,11,52
add,29,39
mul,29,15
add,89,9
mul,80,68
mul,19,35
add,73,13
mul,43,28
div,79,12
sub,42,22
sub,33,82
sub,76,76
add,23,71
add,97,89
add,73,55
div,80,40
sub,53,55
div,22,89
div,31,16
div,23,29
div,8,84
div,68,45
mul,96,88
mul,29,8
add,84,45
mul,92,19
sub,73,84
add,81,34
mul,33,62
div,42,54
div,4,6
div,34,67
div,16,16
mul,78,56
mul,3,41
div,9,5
add,72,55
mul,28,27
add,30,28
div,55,58
sub,56,97
sub,60,6
div,60,68
sub,32,79
div,81,63
sub,60,18
sub,98,18
div,51,10
mul,55,72
sub,74,78
add,95,6
add,61,100
mul,82,96
mul,73,67
add,20,88
div,30,86
add,51,4
mul,55,34
mul,76,19
mul,36,13
mul,92,84
sub,98,58
mul,85,60
mul,55,40
div,25,5
add,97,4
add,83,14
div,20,78
mul,79,9
sub,70,5
mul,26,33
add,96,90
div,67,98
mul,6,54
div,88,34
div,44,27
mul,13,34
add,73,50
sub,4,84
add,20,34
mul,21,20
mul,93,20
div,38,20
add,50,71
sub,16,39
div,88,57
div,9,12
mul,99,5
sub,59,74
add,37,18
div,57,64
div,60,11
mul,85,34
mul,14,71
sub,91,15
add,43,72
mul,33,12
div,74,61
div,18,28
div,59,33
add,8,36
sub,6,48
mul,60,7
sub,88,31
div,15,93
mul,23,42
sub,58,60
sub,98,68
add,29,5
div,31,63
div,66,15
mul,46,44
mul,31,23
sub,93,64
add,89,80
div,68,43
mul,31,70
sub,43,65
div,82,55
sub,97,84
div,33,42
mul,24,4
add,19,77
div,54,72
add,97,63
add,100,33
sub,51,37
mul,77,59
div,47,30
add,39,78
add,7,41
sub,34,95
sub,25,92
add,44,88
div,68,91
sub,38,34
sub,25,83
div,65,89
sub,69,38
sub,86,26
mul,46,86
sub,61,28
div,52,43
sub,54,82
mul,9,22
sub,36,66
div,24,3
mul,75,32
div,24,19
sub,70,49
add,12,42
div,81,50
sub,74,99
div,76,10
div,77,69
add,57,83
sub,64,64
div,97,10
add,38,78
add,54,58
add,24,91
add,78,6
add,95,73
mul,48,49
sub,90,18
mul,59,3
sub,8,13
mul,95,64
div,75,80
div,58,76
mul,17,44
div,40,5
sub,47,74
div,76,89
sub,47,64
mul,2,4
div,86,56
mul,55,98
add,82,88
sub,74,3
div,91,35
mul,76,36
div,8,21
div,67,99
div,12,33
mul,36,61
sub,83,17
sub,11,58
sub,78,51
mul,88,3
add,56,82
div,47,57
mul,3,7
add,100,34
add,93,39
mul,85,44
div,70,76
add,28,93
sub,72,96
div,10,95
add,77,56
mul,98,77
div,63,23
div,98,27
sub,41,56
mul,92,54
mul,6,7
add,8,19
div,70,69
mul,81,73
sub,59,63
add,70,2
sub,7,38
sub,64,39
sub,27,35
div,3,22
mul,2,67
sub,88,79
add,2,30
sub,82,10
div,65,50
div,16,47
div,83,15
mul,38,70
sub,2,32
sub,22,28
div,76,81
add,29,40
mul,70,54
div,29,62
add,41,54
sub,60,96
sub,28,50
sub,71,30
sub,84,21
add,59,33
div,75,87
sub,78,99
sub,43,92
mul,37,56
add,80,11
div,57,23
sub,62,56
mul,3,83
mul,4,100
sub,36,68
div,34,22
mul,1,5
add,96,35
div,13,18
sub,27,52
sub,43,2
add,30,54
mul,84,70
div,66,43
mul,65,31
sub,77,9
add,23,34
div,84,3
sub,34,9
sub,74,43
mul,59,51
sub,37,96
add,88,45
sub,87,81
mul,21,64
div,38,37
div,68,17
mul,81,88
sub,95,57
div,99,18
mul,82,47
add,27,1
mul,99,39
sub,79,54
div,51,28
sub,30,89
sub,56,6
add,72,27
div,10,77
sub,83,42
add,37,63
sub,25,45
sub,45,79
add,33,93
div,29,68
div,63,89
add,55,63
add,67,26
mul,25,51
add,50,33
div,33,45
sub,88,84
div,90,83
mul,61,5
div,57,59
div,7,81
add,66,27
div,17,36
mul,95,19
add,49,72
sub,5,74
sub,63,22
div,33,92
sub,30,6
add,62,8
div,52,67
div,19,28
mul,93,99
sub,95,39
mul,23,56
div,54,2
mul,83,62
div,69,100
sub,2,67
sub,83,1
sub,61,74
add,73,80
mul,77,81
div,41,17
div,50,27
div,46,41
sub,27,11
mul,39,96
add,25,15
add,33,92
mul,26,26
mul,12,67
mul,90,39
mul,10,82
div,35,26
mul,67,34
mul,80,93
add,37,93
add,29,20
mul,94,50
div,30,8
add,29,49
div,49,78
sub,3,76
div,42,58
mul,16,88
add,75,25
sub,74,4
div,32,25
div,48,76
div,60,12
mul,82,14
mul,13,16
div,76,81
mul,22,41
div,58,70
add,12,28
div,16,12
mul,10,13
sub,80,33
mul,9,56
sub,77,53
div,65,61
mul,32,44
mul,39,70
add,90,7
add,74,50
add,17,79
div,52,12
add,63,58
mul,62,96
sub,28,80
div,76,77
mul,80,43
mul,45,55
mul,52,38
add,50,85
sub,98,28
add,33,96
add,13,1
sub,100,82
add,39,69
add,39,57
div,52,69
mul,2,9
div,39,50
add,80,82
sub,69,17
mul,65,32
sub,79,95
add,91,65
mul,12,97
div,81,60
sub,83,7
mul,26,47
div,68,23
div,3,76
div,64,85
sub,97,49
mul,28,44
mul,67,53
mul,43,4
sub,57,44
div,27,17
sub,69,44
sub,16,22
div,14,70
sub,50,90
mul,11,28
div,78,83
add,87,21
div,36,65
sub,14,18
div,60,93
sub,78,95
mul,42,76
add,78,92
div,76,35
sub,29,64
mul,51,38
div,43,10
mul,83,34
div,19,52
div,55,64
div,100,69
mul,72,64
mul,79,39
mul,94,41
div,99,57
mul,15,6
add,95,69
mul,38,59
mul,20,39
mul,51,78
sub,57,47
add,48,10
add,24,92
div,81,95
div,38,38
mul,26,82
div,37,54
add,69,58
mul,40,52
div,65,11
div,95,58
sub,76,6
div,44,95
div,88,3
add,39,24
mul,80,28
mul,87,22
sub,16,8
sub,33,22
add,53,31
add,72,3
sub,3,64
mul,79,44
mul,89,23
sub,87,62
sub,58,5
mul,76,55
mul,43,17
add,89,70
sub,93,67
div,21,59
add,26,42
add,27,31
mul,84,98
add,52,59
add,74,71
div,91,52
div,58,66
add,21,26
mul,73,50
add,89,7
div,43,77
add,29,11
add,53,10
add,47,19
div,81,61
add,41,14
sub,47,75
div,31,70
mul,15,56
sub,78,6
add,69,92
sub,15,23
div,3,65
add,53,90
sub,35,10
mul,35,4
add,13,99
div,36,22
mul,46,49
sub,67,19
div,68,71
add,47,60
mul,87,97
add,71,24
div,66,7
div,60,73
sub,57,46
add,72,67
add,27,12
sub,75,35
sub,28,42
add,55,34
mul,27,74
add,29,18
div,63,54
add,57,4
sub,28,96
sub,71,90
sub,50,82
add,46,12
div,69,33
sub,9,40
mul,28,25
add,2,47
sub,27,25
div,34,78
div,80,1
add,30,83
add,94,25
add,52,88
sub,45,99
sub,90,48
mul,12,97
mul,70,8
div,31,28
sub,90,89
div,22,86
sub,92,67
div,57,100
add,48,75
add,41,34
add,53,19
add,77,80
add,58,91
add,25,72
div,63,36
mul,27,49
sub,43,19
sub,62,59
EOF